name ,id,password,email
artist forum,A1,artist forum,artist_forum@gmail.com
IEEE,I2,IEEE,IEEE@gmail.com
rotaract ,R3,rotaract,rotaract@gmail.com
Music,M4,Music,Music@gmail.com
Astronomy,A5,Astronomy,Astronomy@gmail.com
